musica_subterranea,PH6zObtkhB4,,banish_misfortune,,https://store.cdbaby.com/cd/musicasubterranea2
musica_subterranea,X6WPuIy91eE,,canarias,,https://store.cdbaby.com/cd/musicasubterranea2
musica_subterranea,zaExH395Tnc,,maid_at_the_spinning_wheel,,https://store.cdbaby.com/cd/musicasubterranea2
musica_subterranea,h0N4Omg1-L0,,mairi's wedding,,https://store.cdbaby.com/cd/musicasubterranea2
musica_subterranea,SdB2iGGeEeQ,,laura_gentile,,https://store.cdbaby.com/cd/musicasubterranea3
musica_subterranea,nCVtbMymT7o,,new_boe_peep,,https://store.cdbaby.com/cd/musicasubterranea3
musica_subterranea,fO8HjHSYZw8,,pavaniglia,,https://store.cdbaby.com/cd/musicasubterranea3
musica_subterranea,RFUYR3_-HqI,,Voltati in Ã§a Rosina,,https://store.cdbaby.com/cd/musicasubterranea3
musica_subterranea,2BS7A_e7FE4,,whirlygig,short version,https://store.cdbaby.com/cd/musicasubterranea3
musica_subterranea,uP9b0ZEd_Xw,,Rose e viole,,https://store.cdbaby.com/cd/musicasubterranea4
musica_subterranea,4WYAUVjCCc,,Heart's Journey,,https://store.cdbaby.com/cd/musicasubterranea4
musica_subterranea,zNulChtPa9M,,Dafydd's Delight,,https://store.cdbaby.com/cd/musicasubterranea4
musica_subterranea,81OFs1hn-PM,,jouyssance tourdion,,https://store.cdbaby.com/cd/musicasubterranea4
musica_subterranea,Wq_LXoQK-As,,contrapasso_nuovo,,https://store.cdbaby.com/cd/musicasubterranea4
